"path","size","sha256"
".\data\Anoxia_FlowCytometry\Sample_CEN.fcs","678942","AFEF51CC1425D1C9B1F60597019B51F5C7364CA74EA2C7EF0E04A78EA0B7EB73"
".\data\Anoxia_FlowCytometry\Sample_SUM159_10_A1.fcs","2587621","D0334F8506880859EF1C6CAD445B5BD1FA38587C6C9C9C890F29508CCDADD23C"
".\data\Anoxia_FlowCytometry\Sample_SUM159_11_A1.fcs","2650384","D07BB410C169ADD896179E136FC3C6C54423FA882E061DAFFD767439413109FE"
".\data\Anoxia_FlowCytometry\Sample_SUM159_12_A1.fcs","2503692","3D1CB6B30D7A3AF6023EEC0145CCFB1E74951C61C526C6D05C05C533E567BE4E"
".\data\Anoxia_FlowCytometry\Sample_SUM159_13_AOA.fcs","1772002","7F668EA91D72CBA5B8E82BC758241983C9C49C3BC2CB0B27D321C3B556CAB027"
".\data\Anoxia_FlowCytometry\Sample_SUM159_14_AOA.fcs","1774135","F3F1F600714AC6E4A77967F7F0FB1F003257DB123900634F6942C9FA6B903DCD"
".\data\Anoxia_FlowCytometry\Sample_SUM159_15_AOA.fcs","1805854","B7A7AE039568A5894773D6FEF08878BAF398D68C1FF1AE28B982F68D50ED1D44"
".\data\Anoxia_FlowCytometry\Sample_SUM159_16_AN.fcs","1781309","CC041E64EE46984829B0892ADF8301828A51CB10F9F5E2CD6B454A82270F50C0"
".\data\Anoxia_FlowCytometry\Sample_SUM159_17_AN.fcs","1785729","5409829CD0ED3FB504AF966BBF478832C00B5F471621341D4DB02402683A44C8"
".\data\Anoxia_FlowCytometry\Sample_SUM159_18_AN.fcs","1752657","623F62CE8818EE063479D73CBDE2C723C66C75B55F9113C2E3C64278C73F6B76"
".\data\Anoxia_FlowCytometry\Sample_SUM159_19_N1.fcs","1749121","508D2F83BB2BDE17CEE3FD8B0A5B656878B6C5672C3F85CB29587771C40A4C24"
".\data\Anoxia_FlowCytometry\Sample_SUM159_1_H1.fcs","2446022","0EAA81883255CCD9B0982E72F511391977BB6A070BFF9C0E5BD5D9C41CAA969E"
".\data\Anoxia_FlowCytometry\Sample_SUM159_20_N1.fcs","1763629","4F810005D04133E8829D26A5E7BD808486E5E34A9C88337D91DF3D0C70C8DBB6"
".\data\Anoxia_FlowCytometry\Sample_SUM159_21_N1.fcs","1744805","442D2847D04EDBA95108AC169997C470FAC5BE4C49A772282E329F84D1623B65"
".\data\Anoxia_FlowCytometry\Sample_SUM159_2N_Control.fcs","1766758","62CB2F7DA6F7945D4D55592A832C87033BB8DB3F6882713C97B16EE1BC58285E"
".\data\Anoxia_FlowCytometry\Sample_SUM159_2_H1.fcs","2993166","76C20DC2B221E9068A035753CC3978C6B79A3AF3583ECDB19C2B31E2E450FE43"
".\data\Anoxia_FlowCytometry\Sample_SUM159_3_H1.fcs","1823686","561B329EDB242E90FDBB6663D0C9F6175EA0E21A74809EB0CC24FB9152B10CFC"
".\data\Anoxia_FlowCytometry\Sample_SUM159_4N_Control.fcs","1734726","617F6AB8B30CC7AA74E5E030EC49E62DC4CCB36D8F7B578DA0CA97361832FF8B"
".\data\Anoxia_FlowCytometry\Sample_SUM159_4_HOH.fcs","1873141","0A5AD32DF1393AB1A73C4F66845449B4A3EA9571708BFB06161CDBEFACF13487"
".\data\Anoxia_FlowCytometry\Sample_SUM159_5_HOH.fcs","1895916","F4BB6D7A082B869847ACCFB161D1E6F5E99B63D2CB8625BCFDB7B2FB08501893"
".\data\Anoxia_FlowCytometry\Sample_SUM159_6_HOH.fcs","1862272","1740EEA76497D61858DBDE78B59B9DF28BC766EF7DF44643735BE3A1B8D43287"
".\data\Anoxia_FlowCytometry\Sample_SUM159_7_HN.fcs","1762483","2C49EA183255014AF08E0A4F846FE9CE06A1BCDAE708C0B303394FFBCFA621BA"
".\data\Anoxia_FlowCytometry\Sample_SUM159_8_HN.fcs","1779331","4556FA41338130361674E88D353661470F83CD9919D5944336E11EA79E9ABCAF"
".\data\Anoxia_FlowCytometry\Sample_SUM159_9_HN.fcs","1826028","19297DC2C1C89C9E923898D0CF6F049FB70F98886EB10E0406A26CBBD3445F87"
